1,Annell,Hamil,1903-06-25,aD7*+ATU8H
2,Thackray,Nicol,2007-11-15,"mL7?,sE?p"
3,Morrowe,Torin,1970-12-22,iO2&`f~J/j_XV
4,Digges,Ranna,1968-05-03,lA0{Q~7aB
5,Janu,Dione,1916-06-06,hL6.<K247I`pq
6,Balog,Brooke,1914-01-05,iT3&(=wq0#YZa
7,Tibb,Ofilia,2004-07-18,wJ4_LOil
8,Woloschinski,Scottie,1936-09-26,qT1/QDBb
9,Szapiro,Nollie,1918-07-02,oO4&yaaD
10,Parffrey,Drucie,1984-02-28,hV0`{ztx#qd{G*
11,Allenson,Humbert,1934-07-27,bF0+A~h@\u#=@Hu
12,Sonnenschein,Melody,1980-12-24,"rN2+MdBv""$ygz@hT"
13,Echelle,Sheffie,2021-07-07,nU2$y{2.+?M}!>X
14,Jancy,Kimble,2022-05-19,hJ5\nO}(w#hIfMb
15,Quilleash,Allis,1950-06-13,aA6.e25BUW\kRcG
16,Hindrich,Kaspar,2018-02-22,qJ2{XwV_
17,Bowdon,Kaile,2012-05-17,"wC9+me$t"""
18,Moakes,Arlyn,1909-03-30,"zH5,+1p""5d"
19,Stovine,Cletus,2003-03-24,yY7>/Sxog~74)
20,Emptage,Marketa,2008-06-24,lA2%akCEi%
21,Waby,Ulla,2018-03-19,nT2<N'`c\xML
22,Rive,Rickert,1926-03-10,"pY3*fE""YHN#6z2EG"
23,Thewys,Charyl,1963-12-29,vP6(_!Q?Pp0
24,Hanscom,Carr,1945-04-21,gV4$~a<%KT8u%2=
25,Fitzroy,Rebecka,2004-11-12,cA6*'J?h|Xr
26,Matias,Helaina,1974-04-17,gY2#b/`bojvAYt_2
27,Brelsford,Des,1975-03-25,kS0#o=<g
28,Marquet,Dimitry,1995-11-25,"sD3,Aw,$8r"
29,Aime,Kendre,1958-10-24,zH4<zq?dUgl
30,Hedgecock,Henrik,1983-05-30,zO8)S(yMtPy
31,McLaughlan,Rozelle,1981-03-07,bD4\n.UI
32,de Pinna,Devi,1959-09-13,"mU0/<tLk,$E$D!1j"
33,Smallpeace,Coleen,2017-10-20,gM4?1rqe
34,Queste,Neill,1965-04-18,jG2/%p93*<m_Nj
35,Gozard,Porter,1907-07-23,yV1#@7HH6d)
36,Dibdall,Olivia,1982-05-06,mN1*N7_'EcWtdxB
37,Donke,Danna,1979-11-08,wK5{FkUxQ{3m4
38,Henstone,Karilynn,1909-11-05,bO9_k<XN|.o}z\dV
39,Burnitt,Roosevelt,1912-10-18,wV8'{*E<5=
40,Bautiste,Blake,2010-09-29,"qL1&E8lxF,J"
41,Cootes,Dougie,1979-03-19,yT8(WA8~
42,Sewter,Rolland,1971-08-24,"nT3\IFKJJ3Vka""uE"
43,Oolahan,Kelwin,1924-10-30,qJ5+H/0SA/I}C
44,Cantwell,Desdemona,1996-09-16,hF4)e(n=YBY$
45,Scarth,Tatiana,1982-10-24,"vP3=!=V%eD,T"
46,Henken,Emmalynne,1981-01-09,oX0*DhU6Qj%r4
47,Gough,Kissiah,1984-10-08,yI5~#EZlGk
48,Treadger,Nestor,1951-02-11,lW3>658o*#CDNVe
49,Faier,Ebba,1968-02-24,"rR8,uSyMGU"
50,Goodacre,Molly,1947-12-06,rX8@7(zcnBh
51,Josefovic,Tadio,2017-08-20,vU1#K2|uMBrx
52,Ocklin,Sax,1998-02-15,"jQ0.4+2""chn(UL(Z"
53,Durbin,King,1933-12-09,bI9|LcpyuN1t4n8
54,Degnen,Timothea,2005-09-23,"vG6{""zMn6\h=UCu."
55,Stirland,Merlina,2017-04-14,"qF8,6\ac"
56,Castaneda,Susanne,2018-04-06,uX1)SAmX_2d)'y>
57,Inderwick,Lonnie,1925-11-09,rF8<dG2_)f
58,Domel,Chere,1944-04-13,xI8+Ygi~/t4?
59,Cook,Pooh,1932-11-23,zJ5{C0R1_OM
60,Seifenmacher,Janaya,1949-10-15,mW8@{30k7@(0
61,Sabathier,Annalise,1949-03-14,"gX8<'@""ZA~o"
62,Uzelli,Byron,1924-08-16,eE4&&TrSWh
63,Iltchev,Bonny,2007-05-15,sL8+.kcJCPh@s@o
64,Mannix,Torry,1929-02-20,tZ3`5lEEjn<&
65,Trout,Caitrin,2014-08-31,yU9*o6g0|U
66,Abbys,Robbi,1948-10-16,sQ7/p{KsvkI
67,Dangl,Charlton,1903-06-16,jO4>!F%>TqOnF
68,Beesley,Corty,1953-10-11,qD2`dfN\X&UhlA
69,Simmell,Kailey,1919-02-13,rY9_v|xZ<Wh>a
70,Ahmad,Robby,1941-08-11,gK2??n3{U*P`(D
71,Beadon,Davide,1911-04-19,cM8<D_%?!NVF
72,Pellett,Andreana,1922-08-19,cH7~&lg|\kGS?
73,Lutman,Carita,1998-04-19,rE6*$O=<Nz@
74,Redler,Sharla,1972-05-29,"nR0,WHvzQ"
75,Kirkpatrick,Thornton,2016-03-05,iD0&NFthCvQ
76,Seabrooke,Donovan,1980-12-28,kK1<~JK/
77,Culbert,Aubine,1954-04-22,hX4!2cIc<7XF
78,Eydel,Hynda,1933-06-29,cW2~C5_g5
79,Harley,Colver,1951-12-22,"lU4?>5USUGTca"""
80,Wesgate,Haskel,1968-10-01,hW6$7x7TjEAuxu*
81,O' Gara,Codie,1980-04-29,nL2\BHbi
82,Dannohl,Octavia,1956-05-21,nD5*>8}&4{)wvA7
83,Tripett,Malina,1957-01-09,uU5.BWr(Ew
84,Leverage,Tasha,1925-03-24,bX7.L`)c&(=d
85,Freckelton,Ciro,2003-01-09,bB2=S(KNfS
86,Edgerton,Fernando,1972-01-28,kP2`bcOUn#m
87,Melburg,Courtenay,1962-02-18,tZ5_y<ul
88,Cushion,Berry,1957-01-22,tB1&AhzcFdVG
89,Naile,Bernelle,2019-08-29,"zV1""@\&I""5I>`"
90,Axtonne,Elayne,1916-05-11,nP8{Ka+7aB>>(
91,Dugmore,Kristofer,2008-08-21,xG8'D?+xpBF#8!m*
92,Ketley,Maurice,1935-12-29,nB0&L1&Mc_=T\O
93,Spragg,Orland,1991-05-23,sH5`/yy2Iy
94,Hammerberger,Diana,1978-04-18,kW2<ER<!8c%E@n
95,Crinage,Richy,1989-04-25,cD7|$Zmv
96,Nicholl,Clem,2007-10-30,eK9@VU/W'I20fv
97,Delagnes,Blythe,1976-07-30,zK7\lg3S
98,Mottershaw,Yoshiko,1923-05-13,"tD6#U""u""b_~Z6S#"
99,Cuniffe,Johnathon,2009-10-16,uF7\y1$hC%mmc5Z
100,Skirvin,Wilburt,2008-02-25,"zQ6~$""fewnPT9KJ7"
101,Tolomei,Sheilah,2018-08-14,hD7~02&?}w2
102,Gantzman,Binny,1932-08-28,dY7`(1F<G_(6sZ?
103,Hastwall,Shalne,1910-01-02,oM7`8+Gu)0ji7
104,Lewty,Thayne,1939-01-17,"nK9""\J2yz?"
105,Warde,Netta,1938-07-27,"hW1,yaJlkgO"
106,Hinze,Patricio,1991-05-22,uF9>eAv+jbs.89b9
107,McAteer,Dyna,1942-06-15,wP6#Bzk8|tK
108,Kime,Tani,1913-08-11,mA9'>Y7Pj
109,Sanday,Franny,1914-12-30,"yI0\bg9t*D""7Nz,"
110,Lobley,Gavan,2015-04-19,zM1`k#62b3~
111,Glabach,Debera,2009-03-31,oG8|*cSL
112,Ferrie,Bernard,1933-04-27,aC9=>.Qkl
113,L'Homme,Mignon,1914-11-26,"sK9/ccg0g_j_VT,"
114,Pipet,Nola,1978-03-10,"kT4*8Nd|,v|"
115,Zebedee,Alvera,1936-05-06,"tR3""CM@\&lH%Ql"
116,Wanstall,Kendell,1991-11-30,yL4@G5g~gp3
117,Astill,Pascale,1970-11-15,nH4.X}N>W}50*0
118,Rosenthaler,Merilee,1937-05-25,"tN0}h4""e1m3("
119,D'Enrico,Calla,1978-11-29,jX8*x20ji)CiW.b
120,Undy,Micheal,1967-04-26,cS3)2+5q
121,Jordi,Guinevere,2017-12-20,kO5_aMvm*pUW&\
122,Bursnell,Anabel,1997-11-30,"sS0""NF9f)"
123,Hazleton,Quentin,2017-04-02,"sT1""=k?v3~1=)V"
124,O'Doohaine,Clare,1942-10-03,"yT5)(V""q%?\W"
125,Cordelet,Consalve,2015-07-14,yU0<GO6{xKS9xh
126,Ibberson,Katrine,1914-05-22,yM4+&*sw~0
127,Bellhouse,Radcliffe,1934-03-06,sK0)D.nf4
128,Creeber,Sancho,1935-09-15,"oW5=k{#fk,"
129,Jansik,Margalo,1957-06-25,"dD2|rq#v5&?b1>""4"
130,Risdall,Tessa,2007-03-19,"vF3,$8Is\+&K"
131,Lipscombe,Zeb,1990-04-11,qA7?Cn!#ey
132,Broose,Ebony,1908-08-25,hR5@7Gd)
133,Danzelman,Rea,2013-06-23,"aK0,""5AT~{"
134,Tibbotts,Worthington,1962-12-02,oS2|_j$0k9cs9
135,Mawtus,Karina,1903-02-13,"xZ5""r|tv"
136,Cockerell,Bordie,1916-10-06,"yZ4@""C5XUA@0"
137,Vigus,Peter,1940-03-29,"zO6\tK,a\zFai}Pr"
138,Maltster,Berthe,1958-08-21,uD1)u)FoWRjY2U
139,Beranek,Tedra,1999-02-11,"pA0+qV,3/&F|"""
140,Paolotto,Mureil,1946-09-02,oB6/8SZw#
141,McKillop,Guy,1981-08-26,xZ0@nU_vXm2>0tG
142,Grassi,Sarajane,1992-06-02,vZ3`EUO%vqgaPD
143,Haggidon,Otha,1944-06-15,jS9>Ng6'l
144,Lighten,Laural,2021-03-27,bF4~/kxEz~QwW
145,Ciraldo,Aili,2010-03-22,zM3||)sRPB
146,Besset,Ayn,1945-08-01,kQ4?+&tghKU)
147,Magovern,Maureen,1990-01-03,"fR1,ntCC%nPsarf"
148,Breagan,Sascha,2015-07-29,mY6%NFipYsy6W|F
149,Danilovic,Aristotle,2014-02-23,aF6}8CKjb$UM
150,Cronin,Shellysheldon,1943-09-02,lB6{Q1p#<N$KJ
151,Love,Romeo,1985-02-23,iN3!O)<w
152,Hookes,Gayle,2013-01-31,"vC6&""i8!@A"
153,Glencrosche,Lon,1956-08-30,aK5|pl37uz#@2BS}
154,Pietruszewicz,Millicent,1943-06-15,hG2>kEz=aN$yr1i
155,Bilofsky,Harvey,1976-02-07,yY4}h{|2!IRi
156,Bowmaker,Nedda,1900-12-04,"aW9'.#=s'1,"
157,Maskrey,Dev,2013-07-14,"qB1|+Ah<g""vbM<F"
158,Maven,Mel,2003-08-05,"wC0~jn<z4o<,Wz"
159,Sancho,Vito,1962-01-07,"wM3""Q1q7z}6pw9&6"
160,Aprahamian,Guntar,1938-01-09,bR7#aMze
161,Archard,Kasey,1934-07-17,fJ6}C39SQT847
162,Clubley,Tricia,1953-05-03,"nQ7""jqy%ixk0T{"
163,Bottinelli,Caroljean,2005-05-25,oM8)NU7i
164,Sword,Gusti,1970-04-01,"kC5|*QckXa7M""xL"
165,Ruzicka,Marchelle,1957-01-15,uT9*NxMMA##
166,Soares,Arny,2020-07-07,"mI9'4,8#5."
167,Mizzi,Norina,2020-11-21,vU5&a8+8e_
168,Dixcey,Maryanne,1990-05-27,uB3%HFx`
169,Rickasse,Orbadiah,2020-10-14,mC1&wV'`I`RP
170,Rayment,Eulalie,1962-07-26,pG2&(M)M
171,Briggs,Edgardo,1909-03-25,"rV3~X*mO""CBBtvE"
172,McAnulty,Vitoria,2019-04-04,yT9)H%UY@
173,Thompstone,Candra,1905-10-28,eX7+BqGxN
174,Lyster,Mauricio,1902-12-26,kI4~l(c4*G
175,Edgeley,Guglielmo,1937-03-19,dP1}/S.$sbQ4>Kf0
176,Ayres,Rene,1924-09-02,dY2}8z{S(<E@L
177,Kilfether,Palm,1985-03-20,bR9\j5zGRag5+
178,Iskowitz,Dina,2020-08-15,cC3*sOXR'<8r
179,Greeveson,Larry,1939-08-07,"eZ4""3fVQit4gj|RC"
180,Ricards,Jesselyn,1932-11-23,kJ1~Dbk7
181,Stoddart,Michell,1925-09-25,oL5`7bHMpJ
182,Barrowcliffe,Puff,1965-12-14,"hW8?1,SvH"
183,Pavel,Josh,1953-04-21,uI2$tq_2}&
184,McRitchie,Dorey,1988-10-22,nX3\PpSen
185,Nutman,Fredek,1900-02-04,sB8!02tU?{
186,Brabbs,Lisetta,1980-06-28,"kE7.|""H!"
187,Dudding,Lesya,1966-09-12,jN5?o|Xi@iO
188,Hesey,Steward,1930-08-29,vP5>rZq4Fc25v
189,Bracer,Clem,1955-09-10,uY6$#e=7GeC<m)VA
190,Kinnie,Ber,2000-08-02,qF8{ut#G#)9{'REy
191,Billanie,Delmor,1962-05-12,uZ8){B@VL
192,Kerbler,Astra,1901-04-25,jP3.Cky8%+A
193,Craigg,Hewe,1981-08-11,"kH5|""H6HprJwhuv"
194,Clothier,Mark,1935-10-15,uR5|pFsBZBQ7
195,Metts,Delmor,1939-01-21,"aX8#?6fn,jBPXOM?"
196,Nitti,Priscella,1927-09-09,qB2#{/Q`L
197,Ginley,Koren,2011-11-23,"wV2=""DXzrx"
198,Musgrave,John,1904-03-26,"pD9{f#u~,|n)aryX"
199,Ben,Fannie,1901-06-01,zE3\eF#SZPx$G_7
200,De Rechter,Corinna,1935-08-29,lI2}xJ*P9
201,Lyver,Cherye,2002-07-03,wG2{U?CgLoqen
202,Bilham,Daffy,1965-02-12,jT7*$'m&#
203,Allin,Selma,1936-04-07,uG8~TdVSA2
204,Fayers,Judd,1967-10-11,lO9}MG*lubK@J#
205,Faraday,Codi,1914-07-30,rW6<gY\7fU#uGc`/
206,Fairbairn,Ruperta,1977-01-01,wS9.@?z=il(5Qo45
207,Snary,Towney,1940-05-23,bJ0\I8&dE5Ff!4
208,Kitchinghan,Lucille,1914-07-25,dM2}=ie7qq+S
209,Swinburne,Benedicto,1935-04-18,eG2\eIe)
210,Trevan,Amelina,1960-03-25,nK3/yzLd}|'2Oo{7
211,Oels,Sharla,1967-08-04,uU2\4e4u*+
212,Yarnley,Vinnie,1977-05-21,xH1(~+=cL|'BJ
213,Poinsett,Corby,1972-05-04,gP9|_4W?/(e?&iY
214,Nelsen,Sheffy,1935-09-09,mC1~ZVuN2
215,Tremoille,Urson,2021-12-15,kU8$||c9lqH|
216,Yakuntzov,Jonas,1957-02-01,"uP6,S\)y(bCFAe"
217,O'Fairy,Gabbey,2011-11-04,cX4%L/En(K
218,Bricksey,Arvie,1901-11-27,mH3/mB2Co
219,Delion,Barton,1980-08-24,"eX3{y""|nwHIjY"
220,Inggall,Valera,1926-04-20,tS4/@pcW=
221,Cowlam,Bernardina,1906-09-26,dG3)/z.(
222,Halifax,Florry,1939-11-27,fX0|N6w(3D
223,Caraher,Kevyn,1948-10-02,hP0%\d4e~&
224,Grahlmans,Thaxter,1947-03-16,zG7#9?NxGEpe
225,Tough,Sibylle,1913-09-18,nT9`NW&vNe
226,Pie,Teresita,1963-01-05,eC0\YCmTgN
227,Burnand,Perri,1950-04-17,"rG6@,u5Jzo94?J"
228,Michurin,Cheslie,2019-07-27,aP7<@2/)
229,Klaussen,Cindie,2016-05-28,oQ1.G/s|e@f*
230,Grono,Janka,1903-03-11,"sQ8~kib\f=""{>$<Y"
231,Tittletross,Bryce,1990-10-08,qO1'GgvNXO
232,Walliker,Tanney,1945-08-17,xG0_&Y?MBV
233,Parriss,Darcy,2021-03-26,cO8+SrcY6
234,Arondel,Christine,1994-02-01,rQ6+@rF&Q.0T
235,Barthram,Brody,1917-01-05,mJ0&L!'0~wQm*NwK
236,Mandal,Myca,2018-06-25,iJ6%VhMo
237,Gonzalez,Isidoro,1937-03-30,"cC4""nleG""{6"
238,Balint,Fern,1984-02-14,jV6@y`1f
239,Bushby,Hortensia,1965-11-25,vX3#$m+TBfY
240,Northage,Aleece,2006-07-25,zW7)$Vu#$H
241,Stokell,Edmon,1955-04-21,kZ4~Ys4t@Bu&!sq
242,Cann,Cammi,1921-10-08,pM8~/7&F05D(Z3
243,Gheorghescu,Gui,1921-11-12,"nP2),'$c"
244,Kett,Marjy,1948-11-12,"xJ2,<5/o6'lU!d3x"
245,Graybeal,Johnathan,1932-11-13,iP1{*}PA
246,Hartin,Ruben,1901-10-19,pS0|v7H(hUPz}!
247,Shortan,Mildrid,1951-09-01,pL2=j(z!%K%bz!
248,Forryan,Gran,1942-05-03,gB7{0z/Q7
249,Tayspell,Raymund,1915-07-11,"gV9%NbJ""GQ"""
250,Acott,Josi,2004-09-28,oL9&M3ft8tmYU
251,Gloyens,Dorian,1988-05-03,gT8&6X&1a+>C
252,Gregoli,Edwin,1907-01-06,iL9$74am=b2PJ3$
253,Smiley,Nicholas,2009-01-30,"cF9.Ev/,=Myi}"""
254,Quinnell,Jervis,1989-12-01,mW8>OTrGLH<jCe
255,Targe,Cullie,1994-07-24,"jF8""uTcA3H"
256,Pontin,Maighdiln,1903-03-26,cQ8`L7V#`
257,Tubby,Franzen,1992-05-24,tM8!m41I!&.h\y
258,Grabbam,Constancy,1931-08-14,"qG6'N=j""XA("
259,Glidder,Christabel,1995-02-25,iX0&2ipF'V8sDTcK
260,Fussey,Harli,1910-04-30,tE2|A&{0*8
261,Hooks,Tracy,1916-10-08,"vY8/}i1ep.,AMv"""
262,Verden,Aland,1929-07-13,cN0+'>WHV(&y
263,Wenger,Dewain,2006-10-22,"qB9_lI5""mZv"
264,Harp,Bonnie,1985-06-25,fF5'r25O0H+
265,Mackinder,Corey,1978-09-14,"qS6.xFL*BM8""RZv4"
266,Polkinghorne,Desiri,1900-09-06,xS9{Ut86Xh`hTX
267,Budgeon,Vance,1935-07-26,zS3%NqCY3L
268,Ghione,Ivonne,1983-12-01,tI4?@6WtzP{VB~2I
269,Kubes,Manny,1900-02-07,"fV7(IZ!7$Y7,j_"
270,Craigg,Wilmette,1999-08-26,lK4}o3`~~hrF<
271,Grzelczyk,Mattie,1989-05-12,yN7~c>*zP
272,Godilington,Debee,2003-08-25,"cT0""tvMeSC"
273,Kingswood,Angela,1957-04-23,"mX2""/dI_QI,41N"
274,Lenin,Broddy,1917-01-04,dK3#5hUut3
275,Fumagallo,Demetris,1905-02-22,hZ5'PsFG
276,Challice,Roxie,2012-06-27,qG6==kS{4'm
277,Hadfield,Simone,1911-01-30,mP3)'GHvc(
278,Cobon,Benjy,1986-09-26,xD6(+P<sE%
279,Giamo,Dirk,1999-10-23,oI7!p9@gX@lf'
280,Bartelot,Faina,1968-03-01,jM5+2&djsI
281,Yandle,Carroll,2005-03-02,bT9?dDp=
282,Zielinski,Fara,1934-10-10,pM1!N.'gl&
283,Jose,Shauna,2003-10-26,wE3'HEQt
284,Hasney,Tobe,1909-02-14,pG9#FS#L
285,Bagwell,Stormie,1970-09-16,"tY3'?`i\""uc"
286,Cahey,Shayna,1948-06-04,gH9?z$adv
287,Gibson,Maurits,1973-02-15,"hZ4/,33?yN,9h'!"
288,Jilkes,Deeann,1936-11-30,"zA0|XE9T8w,,o"
289,Bosworth,Kenyon,1962-03-16,sO1#.S1zO{j
290,Studde,Byram,2004-08-09,xV6@f/m<peCIs
291,Boot,Suzanne,1986-09-11,kZ8'@xs?2tB9~7
292,Ryrie,Abie,1950-03-05,jS9\KeBq&fepe
293,Didsbury,Blakeley,1923-11-08,sD3\3L@imSj
294,Derington,Doro,1989-03-16,sC4.)fpS
295,Curnnok,Sallee,1998-10-17,"sI6$5F0/""tMW~7nC"
296,Issitt,Elsbeth,1957-10-26,kI9$n)}a*~
297,Mogra,Quinn,1968-02-01,aL8?aYvoPjfD
298,Kliesl,Beaufort,1916-01-19,vT3=2N@cRba$F
299,Kardos-Stowe,Brion,1974-01-24,oI5%AAHWo4
300,Strevens,Hi,1916-12-23,kM4~4WnNx
301,Cooley,Lemar,2002-02-08,yW4<ZL/{s9f/
302,Dowle,Whitney,2020-07-24,fC5.$aL`c8Z
303,Linwood,Ferdinanda,2008-09-13,wN4@m./f/4s{q
304,Presdie,Kevin,1910-02-26,"lS7>n>9Z1#,""N"
305,Noblet,Dru,1973-04-10,eK9&WwU&7.qs2io
306,Sleigh,Berkly,1963-04-24,pH6!Jwy1nD
307,Giaomozzo,Kirk,1966-01-19,"bL4\ee?MPM,'nG\}"
308,Titchen,Ernie,1990-10-17,dP9'9g7FYE
309,Blazewicz,Chryste,1906-12-26,gW9|eIIb2R~&
310,Berriman,Jacqueline,1905-10-12,bZ8*M*i&
311,Pepler,Zsazsa,2021-11-15,lK6(wkN0I
312,Whichelow,Eden,1982-01-30,"qA4""QN""XF!1_<"
313,Freshwater,Tabitha,1998-08-04,"gV1$/FN""bg"
314,Stert,Cassondra,1989-05-29,"jU4/""fJpWrL6*%jj"
315,Bockmann,Marigold,1916-09-27,nU1#.%&p
316,Danzey,Pamela,1903-01-28,cZ0?R=O5g
317,Faireclough,Melany,1975-03-30,mC0|b2ns
318,Vedmore,Sherrie,2020-03-13,"qT6,E>rqkbSva"
319,Ledrane,Jodie,1909-11-05,zQ6>UB7h=&0dmPR
320,Zollner,Zarla,1982-11-18,mI9<j.&tf$
321,Pardew,Carlene,1979-11-25,"rS1""pKO#lQShLtS"
322,Eul,Reidar,1993-02-16,lB2|b!j&AN
323,Packwood,Jillana,1948-04-03,"wY2""%nXt"
324,Iverson,Buffy,1937-02-20,xY6'$8r2
325,Gittis,Nikaniki,1999-01-17,gJ6>+dfnVkr
326,Raimbauld,Orton,1942-04-11,pQ8)Tg+u2F8X8
327,Peerless,Clarey,1919-01-29,mH4#B8u1yt|wz
328,Cabrales,Ayn,1932-01-10,"uI8/p}""+p"
329,Oddie,Claybourne,1953-11-13,"wY9*,m+B}~a"
330,Timmens,Ophelie,1911-10-27,fQ8~LS1faByRgHm
331,Ronnay,Erroll,2017-07-03,iE0<&lGW)/RWW_
332,Vizor,Patti,2010-04-05,jU3|'FfnQiH1
333,Danaher,Noreen,1915-12-21,pZ6!ZG+nc'_+wQj
334,Rosenblath,Dalis,1918-03-21,uQ3{iRFSoeB(b!Z
335,Janous,Ira,1917-09-15,iH1~VIUkyhdIltkc
336,Pyner,Marline,1984-11-14,bD0\G(qs5I7
337,Absolom,Corey,1996-12-02,oC5~msry&bMtmR1
338,Simkiss,Mohammed,1996-07-28,eU4??tQW(o
339,Wilkes,Ervin,1977-01-22,zR0(DH.O}I6S%0c
340,McNeigh,Vin,2022-11-06,oP1}d!/(8~#
341,Werrett,Shirley,2014-08-21,"hL9\(k/6o"">Lwrl?"
342,Sarra,Port,2005-02-21,iB1(uX'LBul
343,Payton,Korrie,1926-03-28,"zH2""|NiT~rnYv0{"
344,Hurling,Wilt,1969-08-13,xS3$.H//4J
345,Ragbourne,Mavra,1917-02-02,gK6\/P>|
346,Denkel,Kimberli,1900-10-30,hY8}&*{|/n8s@
347,Hastings,Madalena,1935-08-15,kZ2#F_QruU36g
348,Mennear,Merilyn,1952-11-16,aP9.=2qf5!N5
349,Verson,Urban,1904-02-21,wB6/T$mb\lE#3
350,Cockerton,Colman,1983-06-24,aO4|x@pA&WK
351,Clist,Fayre,2022-01-07,lE3=iG4FM
352,Paice,Ellwood,1991-12-03,"bU3'Oj/Ff""P9H"
353,Allatt,Germana,2005-03-16,"zQ2$?V""?G"
354,Malins,Berte,2006-03-20,hT6*MCsf+fTCcC0K
355,Howsden,Susanna,2008-01-16,uG7~Smf)r
356,Burnsyde,Elmer,1957-02-27,cZ4_OGp=iKzI
357,Burrus,Joanie,1987-08-21,sV7&}lH7Cy`$b
358,Gallimore,Elsey,1967-10-20,"lN4<""s\6"
359,Bonanno,Yorke,1919-06-07,kA6$wm7B=C
360,Sigge,Amandie,1929-09-12,oL5}8VfItVGWl
361,Farey,Hilliary,1986-07-05,eN1)Ja'@NEJ1V>
362,Deely,Elijah,1957-02-25,"iP6""%e6Y"
363,St Louis,Haley,1941-06-01,oA8_M9Hi/Y~8
364,Berry,Page,1907-10-28,nB0?siSwg&&YhtL
365,Axcell,Kingsly,1912-04-03,nM6~X8Jw7JN
366,Warrack,Tracy,1939-06-28,bZ4>qys\~(#N=
367,Pudden,Luz,1924-06-18,vZ6&9UX81w&E3
368,Tomei,Gabie,1990-11-16,rU5+r68w
369,Yewdall,Mozelle,1980-07-11,kE4's{*%S
370,Leguey,Danya,1938-10-12,"vW6|juj<<cP""=?"
371,de Chastelain,Karl,2012-01-01,"jN9""%DL""|wtu"
372,Marven,Nydia,1970-12-08,hW4`qtUPIAem+
373,Rockcliff,Genevieve,2015-07-26,pH5(t!GFv'?vo
374,Bantham,Felike,2009-06-25,rU3{w6#30
375,Lansdale,Angeli,1940-05-31,nU7(t&3E
376,Martinson,Meredeth,1979-06-22,"oG5+enqc,%NaZO"
377,Yarrell,Flin,1978-09-16,uN1$$@Mu(Vi&
378,Rowbury,Morten,1976-06-16,eD0&7wRY
379,Middlebrook,Peg,1987-12-25,"zP6/HM$*G,aBJWSe"
380,Abrahami,Kerwin,1989-05-13,dT9_w@J'Ryz
381,Vasyunichev,Gran,1996-11-13,xR5_0rquuvU
382,Beaument,Denny,1975-07-14,jZ0_ep!({
383,Thame,Ethelin,1960-03-07,mP9_*ld9K%0
384,Battleson,Ade,1977-05-20,fS7}0TjgfA=&`8gI
385,Tsarovic,Anneliese,1900-06-27,aE1*Q<7qGnXL4w
386,Goter,Bret,1916-06-23,tR1+G0?iz>W|*
387,Rydzynski,Pearline,1967-12-09,wF9/DO7g2
388,Turnbull,Skippie,1995-07-02,"cV2+l<B{U"""
389,O'Donegan,Bernardo,1956-11-26,xQ0'b<C%g
390,Ludwig,Seamus,1937-07-23,bQ7.pD8%
391,Glassman,Daffi,1983-09-20,zO1@)x<(prL}
392,Vynehall,Kenn,1903-10-31,"eF5%Ei>I\Y,g`.&"
393,Temperton,Burty,1917-08-01,aI0&pqY84V=
394,Mullane,Diane,1998-12-11,xH6/)h4Av=n`|$4l
395,Kier,Leroy,2006-08-23,rN6<n(`y
396,Binyon,Marion,1984-04-01,"kH8.chqMr4#337,"
397,Thamelt,Sancho,1930-06-21,fZ8(zfFN
398,Daymont,Laurella,1929-09-24,bT6*&{&T46zvR'%%
399,Paliser,Gerta,1990-12-10,tW1+wc(34n&MMQ
400,Battill,Tracie,1948-01-10,wL3/FNs@vlSwCo)
401,Stovin,Renato,1962-06-15,zJ3~\CU_5Fb
402,Cumpsty,Clark,1902-01-16,"gX5~qGCz%0Ff'""f"
403,Stigell,Philippine,1938-11-26,kI6>|2~Jb
404,Kiley,Milena,2003-08-17,"hN2""JxGv3#&5C`_"
405,Delgua,Archibold,1975-05-30,rB5%+6fC#
406,McRonald,Edwina,1914-02-10,lL7~&9*)1`j2M
407,Stanett,Margarette,1932-04-01,kX5$@XLO.5
408,Blankett,Berte,1905-10-26,lN8&&Dsv/Ft!6
409,Pegden,Ediva,1952-11-25,"sS2""#yXm8P<Hrc%m"
410,Braywood,Una,1930-07-24,tQ4{hdAsL?yN
411,Andras,Odele,1982-08-18,pF9_2oEQ=
412,Tuffrey,Crichton,1986-02-21,lK5&\Y'}u3O<
413,Manzell,Leigha,1980-11-10,qJ9@bSXZCI2
414,Birden,Karna,1912-03-27,oP7/vvk6
415,Benbrick,Adelind,1916-09-08,oF7`mR|oA7b\D=
416,Geck,Beilul,1924-06-06,zF7{SXyldT\ci!e
417,Shrawley,Rickert,1935-11-21,aK4~L_{?
418,Muldoon,Lloyd,2017-08-01,xA4<JP@>By
419,Du Plantier,Alyse,1928-11-07,yD8&.Ki>tS
420,Mcwhinney,Mayor,2017-04-23,zN0#%G'0/5W8
421,Greenhill,Jocko,1995-07-09,dB3#u0(?
422,Dalgliesh,Leigh,1933-12-04,uG7`fhCu~p
423,Woodyeare,Shelia,2019-08-27,"xI1,s>A,8t>+p"
424,Schole,Joellyn,1988-07-03,zL8+Mo+\ulV?}mA.
425,Cottee,Melony,1962-06-06,zP1(rn}*x
426,Hazelby,Tristan,1955-05-16,zN8>|gZ&nb=Ra
427,Piggot,Dorris,1907-04-30,rS1/{tQ8
428,Goodwell,Preston,2007-11-03,wN1~>({NH!8/
429,Kencott,Audre,1920-01-27,vG8?A%|++M
430,Malkie,Mathian,1900-02-09,kW9?TftLu
431,O Mullen,Corina,2008-04-03,zG2&Yby!S
432,Sword,Brigit,1912-02-03,"jM3\0}T*c""{16W"
433,Hedges,Chrissy,1942-07-14,mP8`N$|<O12G3/)$
434,Mainz,Idalia,1964-03-05,vJ8*LRU)Up
435,Farnham,Gabie,1972-09-03,"rQ8\/z={,GOkq"
436,Landells,Celinda,2022-05-03,bY8?dUf('I&c
437,Thick,Devondra,1929-05-21,zT4/sq(bFHO<5235
438,Chalker,Daniele,1988-04-18,iR7}EaCo
439,Velasquez,Kingsley,2008-08-11,rY2$#eSU{Tc
440,Witul,Anne-corinne,1996-07-28,kA7}_~LTkp'X+&A4
441,Gaythorpe,Kilian,1979-12-08,mP0{\Fz8t&_(G
442,Cohane,Way,1920-07-30,"qM7`BGN',/1nS&D."
443,Klessmann,Renee,1976-03-24,gQ6~W%tj97R#2_F
444,Tonn,Doloritas,1989-07-05,lF9/nUG`gn/jS
445,de Zamora,Berni,1925-03-20,vD9|mcQK\=u!YRPg
446,Le Friec,Scarface,1998-11-07,"bH2#6$,{"
447,Catenot,Alfie,1931-12-02,sN2~R1AN1yz<%C
448,Kleynermans,Aili,1981-11-21,hC2<q8=m
449,Orcott,Sigismondo,1912-06-23,gE4(i'903&b
450,Rogerson,Felice,1978-12-13,cH6`I'34y/i
451,Penberthy,Joshuah,1931-11-27,"nK6,+b/?cF"
452,Royce,Guillaume,1900-11-17,oR4?8N{xJ}f1<x/
453,Silvermann,Walden,2010-11-20,mJ6?l|l6*>cx6KW
454,McLauchlin,Elysee,1915-06-12,fB3.5*/=m_f
455,Wellbank,Hildagard,1979-07-14,wE4<<'jS3)1YI~
456,Lewis,Ferdinanda,1954-09-23,"sK3"")rTf|+#Gy"
457,Catcheside,Inigo,1930-03-06,zR0{.ex`2wlOyCW
458,Ribbon,Godard,1949-04-11,oN8?8|9#tos_
459,Lie,Ilsa,1935-09-22,hR2+%s!ZW
460,Falconer-Taylor,Nora,1987-11-06,zU5{FjSeC
461,Trickey,Arch,1942-06-05,fI3\}$ZIwq
462,Jacobsson,Wain,1940-01-18,xY2_qD%t
463,Cardozo,Darell,1955-11-16,gI5(EY=pM_
464,Cockhill,Kristos,1935-03-17,pT2/Blu&sp@`u
465,Perrycost,Margaretta,1979-06-18,wX8+__gua)uV?'?\
466,Fairley,Cheston,1951-07-02,mO4\z%7}al
467,Bilovus,Karita,1910-10-02,wZ2&na5)W
468,Worsalls,Saloma,2003-08-05,cY6/Q|G.5V
469,Frantz,Sherri,1953-09-18,tF5\)~B>$1}f
470,Hanscombe,Arri,1933-11-18,pS2(4\{U!
471,Polamontayne,Izabel,1939-11-21,eM5_4(6@
472,Ruvel,Cammy,1991-11-03,aT2(6=HhT9?Kp(H7
473,Laterza,Broddy,1962-07-03,nZ5#}gV+4zj
474,Gullifant,Kylila,1917-04-06,eO3%Pvb!3
475,Kimbly,Doug,1969-10-24,uS5@qmmi
476,Corrie,Lucille,1911-03-07,iG0)Tdm(>K1*c@K
477,Spensley,Dougy,1987-08-04,"rJ6,uzaPuGzLk"
478,Junifer,Conchita,2006-08-08,bE0#y4Tqt4
479,Kennard,Dorothea,1943-04-05,wQ2>'8eoTk
480,Frayling,Tull,1985-04-26,"pH2}ku,f_I3B"
481,Poultney,Griffy,1940-09-11,lF0)f?@m<_tpI
482,McNeillie,Lionel,1903-02-24,"uH9{7,Fl#4sTob"
483,Breakspear,Adeline,1925-01-25,rH5)otC9='ncl.
484,Starbuck,Jaime,1927-12-25,wH8\9Wik
485,Castlake,Rupert,2009-10-19,pM7*+)WYn
486,Bovey,Tova,1928-02-29,vF2*i~hH>(KhN5r
487,Ingrem,Evelyn,2003-01-17,zG5*m%z7n4u|
488,Wallbanks,Shell,1958-01-12,aG0!lCTfg
489,Kliner,Basil,1990-07-12,iU0|e}$}}D
490,Deathridge,Heloise,1996-02-01,"fD4|""H6Y<uyma"
491,Shovel,Hadrian,2007-01-21,jB0\NlPPnLg
492,Cansdell,Royall,1908-12-24,uF3_he84I3W
493,Gooly,Deane,1975-01-06,qY7'qs>RN
494,Kilius,Arnoldo,1959-09-18,"nZ9)wm%68yw"""
495,Edelheit,Trumaine,1989-12-26,"cE3!""Ft%Bh@M|"
496,Alvy,Ella,1938-06-01,hY5.&F{kqwAi
497,O'Mannion,Katinka,1904-09-16,cC2>Q{5I
498,Bresner,Hugibert,1921-01-06,"dH1,050yM3n}e"
499,Massenhove,Belicia,1951-07-24,aZ6.fnSW`|a*C
500,Birtwhistle,Arabella,1910-05-25,gK8!aVJ\3kItQ
501,Bramhall,Janith,1990-06-13,"dK9~X""s'xi0q)sM"
502,Manuele,Martyn,1941-11-03,bP4#k({j0D&dE
503,Clemot,Jeanna,1941-09-06,xH9'zskx#x
504,Hover,Gorden,1940-01-27,mW6%)/US{
505,Ettritch,Merry,2008-05-25,zF1_>vl+\t
506,Championnet,Tucky,2009-11-30,rM0{1!4l!P6(?j)r
507,Hacquard,Gianna,2017-05-10,mC8>qKKmw\iDB
508,Sokell,Jordain,1934-04-08,iH0)Phqq?MP2z%Z
509,Sisse,Karyl,1929-09-03,"jG1=""ubb9ru.{%\"
510,Ramel,Barbara,1927-04-20,yC1)$$tS*N~lej5
511,Wooff,Belia,1963-06-20,uU2&T)K*UoB
512,Roark,Tymon,1942-08-15,tN2@Ej9cbmK*m5T~
513,Hitscher,Georgette,1943-07-26,"bG1<At_@,#"
514,Apedaile,Ogden,1984-02-25,"tZ7#|,'wFK)\8Hg7"
515,De Castri,Blythe,1918-03-01,vL7_W9wxqP15
516,Dounbare,Laureen,1980-12-31,aV4<.gU7k8QL
517,Grote,Starlin,2015-01-04,oT0>GP=R
518,Reagan,Fifine,1931-06-09,"zB4~V""1fqxA"
519,Drains,Skyler,1949-06-12,uJ4&hSmg=P3##
520,Gosling,Archibold,1961-06-27,"lE9&z{)G0""%+7yeo"
521,Savage,Dalila,2003-06-13,nF6}n2|g9
522,Fattori,Wilfred,1955-02-02,yL0\.naM+l>@4Co3
523,Striker,Valentino,1916-04-03,wI6'%ODiL\wZrH6L
524,Kitcat,Giraldo,1938-07-08,rP4%9Q#0&057MlWA
525,Melland,Maren,1903-10-13,aJ4'69P8Ygx+(ui
526,Kennedy,Davita,1937-08-21,aT1{+U4ih8'?\YO
527,Donovan,Joelle,1954-07-23,"uL3#7G_>""E'e!D"
528,Darbey,Dallas,2007-06-18,iD7(eCIU9d@d
529,Gladbeck,Molly,1999-05-12,xC9%@NyhM
530,Mary,Darcee,1940-04-12,aG9'%_LYZP
531,Reoch,Ben,1937-01-16,aB9&by3ma46iA{Mh
532,Olliff,Louisette,1958-10-23,vJ1)\15)9lwy
533,Batterson,Skip,1963-06-17,jV8(<p&An)f
534,Bellard,Kathye,1962-04-27,hB2_rIL~1&zf|+8
535,Dulton,Tomas,2012-04-05,bF1>KH$Ljp
536,MacKenzie,Janie,1999-04-15,rA1$pl/KRVLY9i3l
537,Vanetti,Annemarie,1992-09-23,yI5#~=_77qm
538,Wehden,Seana,1917-01-03,"qC6~k""HuAE01"
539,Plaskitt,Rickey,1910-12-08,"lD0>I""4fE@TI"
540,Davidof,Madlen,2006-08-13,jV2\Y7@tPc+{A5Vd
541,Hansbury,Alick,1983-03-09,hL0<X+LP`dax(
542,Noades,Sosanna,1933-04-03,"fK6$ELg,WKH\`X"
543,Houliston,Clemmy,1917-07-11,"cI7""f4Qq/GL\yW54"
544,Cotgrove,Lorettalorna,1958-03-16,"pB4.u`,nF&ad&}"
545,Gebuhr,Glenden,1911-06-13,sS0?Y.`eRHR8}fJ
546,Perri,Amity,1965-02-21,qQ0_xe`Lt8
547,Caroline,Felicio,1939-05-19,kJ3<hPn>*
548,Geistbeck,Gwenni,1988-12-15,nI1+06iaQF%$
549,Benting,Libbie,1973-11-03,tN9~LXMn
550,Watkinson,Priscella,2002-12-03,fN1@?/I_UV&O2
551,Teas,Pepita,1958-09-19,"tD6""E,l1H?X)l'{B"
552,Mohan,Cristie,1932-08-27,vE9%`qP@VBVMapF
553,Campkin,Nada,1967-12-01,nK9'2QxhRap2F
554,Harrow,Kalli,1990-05-21,"eP1}U,sRe(xbC<"
555,Elleyne,Uta,1988-02-04,bZ6%O)a@kC>|?
556,Esche,Micky,1983-07-21,nU9~7#}W$_<vI
557,Trembley,Ruddy,2002-06-01,hG7&ke\h.t}2on
558,Leas,Nikolaos,2008-06-18,cG5)KO!e
559,Almak,Berky,1916-01-31,"gX3="",rIGIyPJ)w"
560,Worvill,Ajay,1922-11-15,"yH8=V\CW,"
561,McVaugh,Lind,2019-07-29,kC7\gzXaUb)Z
562,Chrispin,Jehanna,1937-09-26,"yA0$b\+GR,r"
563,Fretter,Zach,1976-06-22,mI8$Rmd'X4o5Dh
564,Peddowe,Wolf,1981-08-04,kR5/hbw/yw
565,Dive,Clayton,1946-04-16,"eD7'M,p5"
566,Cubley,Brittani,1908-04-24,oP2)5mPq@XM
567,Maddra,Conway,2000-07-17,"mX7+ioqMktY?'"",>"
568,Gregs,Tad,1984-07-17,dE9>sU_HJKxh574*
569,Pilley,Rriocard,1953-12-07,iL6?w&T1
570,Shoard,Kathie,1928-03-17,"nI1(q8WU*pv,R"
571,Pettingall,Biron,1910-05-24,hN4{Wu*'dn
572,Liebrecht,Ileana,1979-09-17,yR1/P>y{$Lp
573,Cracknall,Agnes,2005-06-19,lX8)L&(t_Oy<P
574,Bertson,Giustino,1988-05-05,"bA1&,}3G0KPN_S"
575,Truse,Manon,1931-03-04,xP9=)H1Ug`?w
576,Wigginton,Nikoletta,2000-05-19,"nU2<r3t+J8,15Qh"
577,Archer,Miltie,1925-02-04,jC7.g!Z6YfnqI7vP
578,Mattacks,Guenna,1964-10-02,"fL7,il3+O"
579,Wheldon,Dee,1989-06-04,jU8\y(yr?Ax
580,Gamett,Sterne,2021-04-21,hO9)?ons?
581,Odda,Quintin,1972-04-02,kU3_D9_xLdUjEhD
582,Fradson,Broderick,1912-01-26,nI3_xlNdcQ
583,Bunclark,Jenica,1993-03-21,pB3'v{\c?)27u
584,Asser,Erda,1956-12-31,cD6}8=2rpukX|IL5
585,Schistl,Ailis,1938-06-04,qS0(W@jHT6Y
586,Menchenton,Linnea,1929-02-14,oD0%zC8cpwLh
587,Kenrack,Hi,1923-07-23,qA7<*dYm_q
588,Gemmill,Cristabel,1914-11-06,"tP7""G+0wyMi"
589,Steer,Celene,1955-03-22,fJ7>+UhsNp<*j/S
590,Cardwell,Bruce,1998-09-12,"gG2@""pR|e}lCbGL"
591,Nerney,Linus,2006-12-14,"dJ3@vn,l)lV$cS&`"
592,Gert,Muffin,1906-12-28,"sH6<#AZ(5f,}~8"
593,Rollett,Vitia,1975-03-13,tE7%Ha#QJjO
594,Duffree,Blondy,1932-09-14,kV6#.CGsT_J5_
595,Lockitt,Malinde,1976-11-08,pP7{Tg_%lG$
596,Bygraves,Fernanda,1910-01-01,rH2$K&3+
597,Eusden,Natalya,1937-04-20,"aU2,DqHA""P<"
598,Lomasney,Al,1973-08-20,"sN7,Y7n""/aD"
599,O'Moylan,Arnie,1955-08-23,rL7+Ep7xS<oGh.
600,Geelan,Saw,1940-04-16,"eM6""l`8`~+KLM'"
601,Everex,Roselia,1954-12-22,"cW4,q9\e"
602,Johananoff,Hailee,1934-03-07,uW0?!ORub=}(AHn.
603,Glowinski,Valerye,2009-09-23,"aV6\h1V=7Wz"">r"
604,Ellacott,Prinz,1958-11-28,dM9)&Ncs7fYI/
605,Gally,Colas,1996-03-19,xU3>oRk(
606,Finlry,Murray,1958-03-16,"xG2,<qo@~d"
607,Guidera,Darell,1991-04-14,eD3'_urX%uC@
608,Grandisson,Gerick,1941-05-11,zK6{!.EYS?P1p_E
609,Reside,Gwendolyn,1987-01-17,lO0/NXMtO9
610,Noar,Bran,1972-08-16,pW8&o(nh}@a>
611,Cristobal,Madeleine,2009-06-08,kD8}8pAaWns7mF
612,Bouldstridge,Grata,1953-12-18,jC2!AoDki#b@WgD
613,Polendine,Margy,1960-12-22,sN6=L|f?>X
614,Olyunin,Francisco,1995-05-08,dP7$tL!DW)4/e|o
615,Citrine,Brady,1916-09-15,dA7/K0vJdt?*cMOP
616,Christophers,Sammy,1948-08-20,vP0%/*|}D0L
617,Pettyfer,Margalo,1973-06-13,cM4#_$&t*+pN!}M
618,Mitro,Perrine,1918-07-13,hO6/?nUIAsa3b
619,Really,Linnet,1946-06-22,hN1{HI}2\RmhOD7
620,Whanstall,Karlens,2022-07-30,"eS6@one""{1kz}lX}"
621,De Carteret,Dulci,1956-12-31,iZ4&Ia\WN|}Ulh
622,Gumey,Rafael,1986-04-18,bX1*t}LO{j|oz
623,Coulston,Friedrich,1942-04-16,fV1`}NT@'
624,Este,Suzette,1956-05-13,yQ0=%z%{Bc$'?kI
625,Ashling,Barthel,1981-04-28,vL5+W#E)Y_j.y
626,Capell,Emily,1968-04-15,xT5{=9!\JwyU{
627,Milkin,Brien,1986-10-22,wJ5!RIHr9!
628,Tresvina,Nertie,2015-05-31,sK8}8d\Dk\?<OCZU
629,Byatt,Rustin,2010-12-04,bR7)M7vR+2+H
630,Caulier,Mendy,1978-02-28,fH9$B&.4r?kvPX$r
631,Yegorovnin,Vivien,2004-08-16,pK2_3/0hPm`Iv
632,Kalker,Myer,1916-09-24,"oR1+g(2=@,`c8"
633,Schwant,Justus,1919-11-01,mQ8'I<4I
634,Keymar,Traver,1923-07-29,"gL2\i<b9Rr,n)*"
635,De Mattia,Saloma,1950-12-27,nH2{D_~I
636,Nesterov,Jean,1966-11-09,wY2'bPZM
637,Popplestone,Alfy,1914-09-06,wG1?Gxe=6u&u~
638,Suero,Khalil,1935-01-24,bK5+abta<d<9%
639,Cromleholme,Harp,1997-09-02,xL0{Q6z0}V$
640,Craigmile,Donnell,2011-03-26,mS5{Z&7N>1KgDx1a
641,Rawood,Marguerite,1908-12-14,tV8@u2&/
642,German,Bette,1971-12-14,kG6\*?S{K/*7oCz3
643,Bilbery,Ric,2015-04-05,gM5%VJfcOP.05Q%3
644,Chatelain,Janie,1938-06-29,xL0{gr\qPB|V)c|n
645,Moxon,Allene,1933-02-17,uM2*WgF4SR2zd
646,Mawditt,Andra,1933-02-14,sS2*8{}kbGdL0e
647,Lerway,Traci,1950-12-12,rS0.tHj#_0/
648,Robbs,Pauline,1969-06-07,sM8`YeFoC|)_<
649,Glennard,Gare,1959-05-30,uT5`UD41mZ3MWv@g
650,Boon,De,1956-05-30,"fW0?%7""F2fLw"
651,Symington,Norina,1980-11-28,"eD6*seu6sblQ""LJ@"
652,Englefield,Chiarra,1920-11-09,aU3`J04dtl|<alTT
653,Abazi,Thayne,1998-05-06,qM2#{.2V\~v!7C2
654,Blain,Conny,1982-07-10,kX0$|r2NU=m
655,Laingmaid,Trina,1972-07-15,"cI6&""b~6ziR/JP/r"
656,Smart,Lara,1905-11-06,jY2'Nyu{\8|'x9S
657,Olner,Daryl,2013-08-31,sM6%tyqOEz~a=a{P
658,Rowley,Thorny,1916-08-06,dE6*hWdN`Yp4O<CD
659,Weinmann,Theressa,2008-12-25,rK9>TU.zn
660,Needham,Cooper,1907-08-01,"vG7)p,2FJ\I\Y"
661,Raysdale,Olive,1909-02-28,bR0+fU2_ae_
662,Phizakarley,Mike,1921-01-27,"sT1,Xg.N2RX,1#"
663,Tinkler,Carlyn,1930-12-05,jX8/dce5x8(n
664,Khilkov,Elane,1945-10-13,fH7=m~l9'm<DHp
665,Buckles,Ermina,1933-03-06,aU2)sCyN=
666,McSherry,Noak,1924-04-18,gF9`M!Wo+@rB'Wz
667,Hlavac,Henry,1914-10-04,bT1(kzdu#!
668,Kearney,Clemente,1939-06-01,wN1)aP_/
669,McPaik,Amelie,1912-05-07,tH1`+kPOb@X>8o
670,Kinge,Dare,1920-06-16,uC8!}lHS+W5
671,MacNeilly,Kipp,1981-02-23,lW3`kxU|V>8
672,Haresnape,Winnie,1991-02-24,yL4)NICiF&n&wO9
673,Chamberlin,Thalia,2007-12-17,bE8<B(|#f
674,Kubal,Wheeler,1972-04-04,bH1`b(@wVZ(g$i6
675,Sandyfirth,Carla,1984-02-21,gZ9$ZSXQ_kI
676,Fisk,Irvine,1964-05-17,aP9/XQP{\yIJM4A
677,Gyves,Haven,1918-05-22,cX0@Dzd~
678,O'Gavin,Raoul,1961-01-26,"qK2,U\QVp"
679,Keele,Dee dee,1987-03-20,bT7#8%9VRd))7
680,Delos,Micky,1901-09-08,cJ5+QO\4ffCD88\g
681,Paoli,Breena,1982-02-23,kU3*i(vI%t=
682,Hedditch,Meridith,1981-09-08,"pC2+nfLlM2"""
683,Conkling,Angeli,1968-01-09,gU2\pzWM)+#9z6=\
684,Clapton,Denney,1969-03-13,bZ7?.R3`V
685,Mcall,Orelee,1923-07-18,wD5&k}3%Q
686,Tyne,Hillary,2009-09-30,nV7/l`_BGH04
687,Cases,Merl,2007-10-20,"tH5~Cqjn!,vj?"
688,Bonicelli,Gilberto,1995-05-06,wF5<Z%H*VKc+Nl
689,Hannis,Jeff,1951-11-28,bK4$\E2e}t>
690,Brogden,Adeline,1937-10-06,cS2.vuc=<HIMK<
691,Archard,Cornall,1916-07-01,qN8?5UH2
692,Postlewhite,Delinda,1950-08-26,"fJ1.6RPOw@,87VjY"
693,Gertz,Phillie,1962-04-06,"rH9|""x&@"
694,Arminger,Colan,1969-07-16,zZ3+/rhIJ
695,Connah,Duncan,1933-04-28,gV8.zIymWy
696,Woodberry,Jayme,2013-06-23,rZ2'#8Sk+4
697,Petric,Robinson,2001-08-18,iK8/NntGQi!O4qz
698,Menci,Alessandra,2018-06-04,oQ7\pJl!d.F/e
699,Serjeant,Rae,1951-10-08,eA0}cXrPW'5HmQX
700,Maypother,Shirley,1981-05-30,gX6|C&~8
701,Caizley,Yetta,1943-04-14,vQ7@382~?0Iu|J
702,Middlemist,Jordanna,1913-04-20,gW2%*tILa
703,Weaben,Charmain,1988-09-08,"eY8.9g$""GgbV0"
704,Kemwal,Emmery,1954-08-25,aF5{+=}Cv
705,Beade,Atlante,1997-01-22,pY8#/Y9hfx~01
706,Adlington,Ninnetta,1917-04-01,tD2=rLe9in=
707,Melarkey,Lilla,1943-02-28,lJ7?$r7L
708,Taffurelli,Farris,1970-03-27,rI6|5I\Z=
709,Blas,Jehanna,1936-06-15,"eI2,21I\H0byW8+9"
710,Lorrie,Zenia,1912-03-31,hR8?8QFecpP%+}j=
711,Colquhoun,Levey,1995-02-16,nC4|IZe!%DYx
712,Rodenhurst,Sebastien,1955-12-28,lY3{?TngTXfamIx
713,Gauntlett,Rafa,1923-08-10,hO9((#th
714,Allcoat,Tabatha,1936-11-10,hC2<N?}Gl
715,Beldon,Carlie,1934-09-28,wB9#MdM<v
716,Mardlin,Krisha,1994-07-18,aB3/RWF`)GGT*
717,Haxley,Leon,1958-03-31,nO9{*+k|JyF0
718,Harding,Sibella,1973-07-05,gU7}w*xkc/1R
719,Scougall,Annmaria,1937-06-21,gG8$Y'aeO<p7
720,Stower,Domenico,2005-12-30,oQ2/\zP7~ch
721,Agdahl,Reginauld,1917-08-22,jD0%Hj3!!}BcJN6
722,Hardwin,Hugo,1913-08-08,"vB0?0!aV%""jK"
723,Westoll,Lorita,1968-03-15,"iH5_j%,m~Iqw1"
724,Bolmann,Raimondo,1922-12-26,pY7'2'MzQYJ>
725,Skipping,Essie,1927-11-20,sA8?kvMC/SJ
726,Scaplehorn,Ericka,1928-09-14,bW1<+!+@MDPZ
727,Baxstar,Cord,1915-03-01,rK5(nDBV5)Wa|6b
728,Olivo,Dareen,1941-05-02,oV9?Q~>p+4d9
729,Peete,Marilyn,1922-12-01,wU6=*yoEP
730,Worland,Ardis,1949-05-23,yB3|\7mgSD
731,Varnham,Tiler,1949-08-17,jC8@kH1#C4LtO
732,Shakesbye,Glen,1921-01-04,pJ1##O1tf<w8*%
733,Heap,Delano,2014-04-21,zQ1$7'@BV(&v?
734,Futty,Neille,1916-10-09,uL5/b=$/9by91rO*
735,Tunney,Carmencita,1945-01-15,mY2!e5!xUQ
736,Matz,Donnie,2006-06-17,lD0|TR0>mR.R<<
737,Caspell,Papageno,1952-05-20,zY2~HE0G\D(1~ft
738,Jan,Thedric,1912-09-08,iK9+cz!70H/jAM\
739,Brunelli,Isacco,2001-05-09,dI5>Sng*_l%
740,Petrolli,Vallie,1946-04-02,yY6>?g1tp~(}9IH|
741,Thomson,Todd,1988-08-07,"jB0""N=z{tK&l"
742,Clelland,Mollee,1981-11-14,aH7#F`G}*<LeRy
743,Beachamp,Jodie,1970-01-03,kS0=>0!xzzu
744,Simeoli,Robina,1983-11-08,qR2'ajAwOi
745,Skillington,Aldwin,1909-07-23,aB2*HEkX
746,Snelgar,Sibyl,1979-12-25,bJ1=M`#do<ntu5\&
747,Bertenshaw,Jamima,1947-05-26,tO6?1!UA+
748,Bodycote,Hilly,1978-03-02,wN4\>.!X8F4&M
749,Scales,Axel,1905-02-06,mK0&~qBi2d(rZG
750,Le Lievre,Deloris,1913-09-13,eM4_}E6.Itrj
751,Corday,Harper,1997-12-09,tJ8+hGY4+
752,Boshier,Ari,1913-12-05,kY7\IDj/qV
753,Oxtaby,Midge,1916-09-21,"rV6,NM$(|*}7,"
754,Seabridge,Abigael,2022-04-20,"mJ8~,?RK1bmA>"
755,Pitherick,Liva,2000-12-07,"yC3#E~,s<L$8."
756,Juleff,Tyson,1948-04-18,jU6>Xac+
757,Rodwell,Worth,1917-06-13,mL9\j!qe=
758,Cardon,Orazio,1938-09-18,"zB8#w3!\/,Kb"
759,Perkis,Cornell,1993-11-15,eZ8`a&PKtQ
760,Geekie,Ava,1900-02-24,"zW8<G8(c,}ti"
761,Doerren,Antonie,1951-04-29,lC8.|De<U
762,Gapp,Yorker,2004-07-19,xN9$0~@e5)<
763,Wilder,Mervin,1991-04-03,uG9/w(<~6E+XqUs
764,Iddiens,Leigha,2017-12-28,yJ2}6W(m9dH7H!+
765,Aindriu,Jacenta,1915-06-25,qG8!4)=*IbL
766,Winear,Freddy,2009-11-26,"rN7,rj79Yj33Hi|u"
767,Zecchinelli,Boote,1940-12-10,eT0@a`ipPq|%%1~a
768,Purcell,Murielle,1929-11-02,"uT0%>Y%O|`+4,ev"
769,Norquay,Oralie,1984-04-01,uP9.DN>Xv0A
770,Denney,Harlin,1927-10-20,yY2/o0`gJu
771,Heys,Andria,1935-10-09,sN6)iY?H$
772,MacGuffog,Adamo,1956-05-13,"zD9<ClhC2OH`"")g"
773,Biasetti,Josiah,1912-01-31,nW3<INGB
774,Mountcastle,Devora,1903-11-16,kZ9)`u(?1RaI2
775,Popworth,Nollie,1984-09-09,pU3{%YUF<x1rCu3
776,Ealden,Jared,1949-04-13,"kU2%""7rxM`z<"
777,Colwill,Harbert,1944-08-29,"rU2!I/&V#""l"
778,Phippen,Willow,2001-11-16,"uS7=qWwIZ"""
779,Darrigoe,Griselda,1983-03-03,iN6$tCPNb%8
780,Radford,Timothy,2004-03-31,eQ0/c)\Jii($
781,Tallet,Carlos,2002-04-20,lW2=.(I?U\y=\
782,Frontczak,Amitie,1966-12-23,"cU8%""/Dfuk*DoNZ"
783,Hamstead,Steffi,1972-08-15,wN2/&28?J&SFS.
784,Dolphin,Jennine,1991-09-07,dH9'TGZ}MD=1uI
785,Ell,Netta,1904-09-27,rC8}=(L'@kgA
786,Longshaw,Vinny,1907-04-27,bX6}aeXsXhk
787,Birkmyr,Dacy,1969-12-27,fF2/K'6ATH
788,Spurman,Sherline,2017-12-26,"rQ7{j?SsG,"
789,Lipman,Sheffie,1900-04-06,zX7)&FL2X=4j0
790,Wardhaw,Yancey,1943-03-19,xM7$<G@&CZxiSp8
791,Dudley,Jo,1955-09-01,vG5`%Ka$U
792,Underhill,Norrie,1950-09-02,dQ2(vaOBpDGn?a2
793,Dutchburn,Rodina,2022-10-15,"cN8{oJe)R|""&"
794,Marzelo,Livia,1973-08-10,rZ6%&D@)UXoB
795,Townson,Lorette,2018-05-11,"rF7@RIZ))%5,p"
796,Ionn,Chrissy,1931-10-30,dO5/x%*nZRH
797,Driussi,Meier,1958-10-17,"vU6""huoP}x$/k*fJ"
798,Emmert,Mitchel,2018-05-25,iJ2?4AGYmw~<fKt+
799,Ortsmann,Winna,1916-04-18,aB2'g8|s~wJK
800,Rottgers,Leroy,1993-04-28,"gQ2=39=G@_1,=aj"
801,Barnham,Naoma,1932-03-10,zL7=~`)}U'D53<qb
802,Botha,Jarrid,1959-04-22,"pL4,Li5e"
803,Habercham,Caritta,2019-12-07,nJ9\{/Bh
804,Nenci,Annabelle,1907-07-27,"dP2,4q!@hBVV21B"
805,McRitchie,Jody,1935-09-08,"zE9.$7z4Zfi""V71"
806,LAbbet,Rhonda,2012-08-20,hN5?WmJ+AM<gk
807,Escritt,Thornie,1928-05-27,cQ9~R46*`xk
808,McGenn,Sorcha,2009-10-04,xF8?x.\+B=)|8#<
809,Arlow,Aretha,1982-07-14,iM3%j8h.9=z`N'
810,Tonsley,Reider,2012-10-17,kR4%6FYhG1(g`kn#
811,Alpe,Ashlee,1988-08-19,eR5$%#gN
812,Sunnucks,Tory,1972-04-22,tA9>EcINYv{HB9S
813,Teesdale,Nicolette,1911-06-05,bL7}lHs%Hej1/`u
814,Exley,Marshal,1981-12-02,hQ5)MAo<Iy=l9)
815,Dank,Lucretia,1962-06-08,mU3'TLN<c~(
816,Tolossi,Chrysler,2004-08-25,qF8&c5{o(e>
817,Fenge,Zandra,1969-06-16,"wP5$}Ft5""o}|"
818,Klainer,Cher,1919-08-10,"iU8""A7_Vcn"
819,Dyet,Cobbie,2003-12-03,wM0/%AMB
820,MacGiolla,Faustine,1909-02-23,eT8`DkFwk#y
821,Handrahan,Byrann,1950-09-05,jJ8/su/AVz
822,Tonepohl,Christian,1911-04-10,yY0/9(g7
823,Bartholomieu,Rebeca,1997-11-28,"yX3+Zr,_nK'sON"
824,Mistry,Dulcea,1963-06-15,eQ7%q0od+
825,Hazeup,Patric,1906-12-07,tB1~x'3}n4sD?i
826,Rannald,Brendin,1925-11-30,qH5(H>PjA6q
827,Demead,Enos,2017-09-18,"gF6@T+)ZEGmU+X"")"
828,Fearenside,Penrod,1970-10-13,hN9}`pLu
829,Sleite,Goldie,1951-09-05,"kK9+&E(,P'w"
830,Galea,Ericka,1960-11-04,uY9#)t#@M_wu$LB
831,Toffler,Arlee,2000-12-27,uL3+r#!4G|c
832,Mellows,Daveen,1936-06-24,"sS9,ya6O"
833,Medland,Dyane,1940-12-07,pA7=+YKJjH*{Q|L
834,Vigours,Beryle,1936-07-25,xR4')Z3%<sW6To
835,Couthard,Charlot,1999-10-12,lK8<n'>kH9I./A&
836,Perigeaux,Kelley,2016-03-20,qT6#!w'Fn
837,Havers,Keary,1944-03-14,zF8%k2`/l/~Lu~m!
838,Beaudry,Conni,1920-02-26,qJ6*V/%K
839,Gully,Odey,1994-09-06,pE1%c\+T>9mAm
840,Darrell,Lorne,1998-06-08,yA0%j$geS_B=rW
841,Nissle,Kasper,2005-05-09,"lA2$""`CYt"
842,Le Noury,Gloria,1960-02-27,"kC2{,6SkS=iX"
843,Rudwell,Kermit,2008-02-15,sG1\kM~?1bGB
844,Fanning,Jim,1987-12-26,fX6`!oA/1}K`
845,Grcic,Pam,1919-06-02,lZ1&uUiv<}
846,Plaschke,Davida,1904-03-05,"vV2""V.bTG"
847,Joanic,Babb,1959-02-22,lZ1>q_(F=B!
848,Fennick,Joelly,1988-02-18,iB5$}Gi%O
849,West-Frimley,Latashia,1936-12-24,jD9.Gf#5i>Ifs8x
850,Dartnall,Karon,2011-10-03,aT4=IIkX/
851,Ivatts,Katina,1955-07-20,tX6\oTmgkigN
852,Augustine,Ricardo,1942-11-14,bB2}SKj.z!4vMP
853,Emps,Wallie,1917-09-16,xS9~I|H4
854,Bedward,Haily,1928-08-22,dM6|=!l{f96V2\
855,Bolger,Zebulon,1990-08-13,hM4<oZS4xZ=
856,Woliter,Rockey,2014-07-28,eW8.j_.j
857,Arnfield,Anett,1977-11-08,sL6!hfl&N|c/A1U
858,Moir,Ermentrude,1911-12-23,gX6+ocm*B.!\
859,Worge,Dev,2017-06-23,"rT3!@x!)""l2}R"
860,Redihalgh,Netta,1906-03-23,wO9)XH<lr<{
861,Vasyunichev,Jessamyn,1971-06-04,"gB6{?/""d38afK#lS"
862,Tukely,Barbabas,2010-05-19,"vA7""c\`K6zk\a#)&"
863,Harmston,Robinson,2010-07-24,yL1(=t/U(sM*)Ls
864,McMeekan,Gerda,2022-06-22,cM2@Dzn#h5n|yn{
865,Tall,Roley,2019-11-09,kI1/`>2X<5mWGr#
866,Beven,Fulvia,1993-08-17,dC9)=#=vK2~
867,Hakonsen,Cathee,2017-05-30,"jW4,eCsuuGZc!"
868,Grass,Willi,1902-12-14,kT6+iJF4
869,Sherwood,Isobel,2004-02-18,"wO1,Oqr!""x2@oxHU"
870,Chin,Marilyn,1946-07-17,jV5`~dKL+
871,Blount,Casar,1904-05-27,pT3(/2`&Zw`eT&w5
872,Molesworth,Ginger,1970-08-16,yM2(E{_%w6S98M}>
873,Jerdein,Bret,1939-06-08,bP9}eoEFV#4S>&
874,Darkin,Blair,1940-03-24,bE5!5V$H
875,Cattermole,Wylma,1940-03-31,vU5=pqYG)X=+Yw
876,Pimme,Ariadne,1934-09-18,"vO9+%KgR,&n"
877,Davison,Maxim,1929-06-02,oL7%HOVX)
878,Bohea,Shoshana,1983-10-19,qS3/2(cA2B
879,Leggin,Juliet,1911-04-07,sT8_qgiRC}+{*
880,Castillon,Henrietta,1944-11-11,yA6%{Ii8
881,Labrenz,Antonella,1940-11-27,qN2/%m{j3*feQ!?
882,Connett,Lynne,1946-12-09,rG8#U%.'nnqwp.as
883,Southam,Kali,1966-05-21,oZ1%Y%*YM2TkVg2
884,Caudelier,Belvia,1922-09-18,bG2`tQJ?a
885,Menpes,Neddy,1931-01-31,"eU3&BY""fD`"
886,Ions,Ag,1992-09-23,oO7)x7B\$3qQ%W
887,Botterell,Blondelle,1936-07-19,"oD9,K8*a"
888,Middleweek,Alphonso,1904-08-29,gK8`qG2/I2WA
889,Dearle-Palser,Lorry,1929-07-07,oP1#sQ`Y@
890,Spratley,Silvan,1955-12-07,kK6/$W2I8|P~x#wO
891,Mussetti,Rivi,2009-01-14,"pM2{(3sB=sB|c2|,"
892,Liston,Tomi,1907-07-30,"jC1$y""Jk)WRw"
893,Maggorini,Aurelia,1973-05-26,hN1?&P#9_j_FxpOt
894,Novill,Manny,1960-05-30,"wT4$\FC>Z,!W"
895,Oades,Kora,1967-06-25,wA7|jm*!_cPP?K
896,Whiffen,Brittany,1901-08-11,uR2}&7~=c4(3XP
897,Belchambers,Kare,1920-06-24,"hU7.g5#k""!"
898,Womersley,Veronike,1951-09-24,nU4!w.%87/nwx`
899,Caddick,Lorain,2007-01-29,fV1+O\t\J'UM>3vV
900,Smullin,Tades,1994-10-13,gE9.<rt+6g0yS+Bk
901,Dripp,Beryl,1956-07-13,wD0)b1Fpf
902,Penswick,Anny,1915-08-14,wY6.pQ0)?8I#@GC
903,Passfield,Issy,1967-07-31,nK6$W}6`rfs_j#5
904,Fripps,Dannel,1929-04-26,"uE4""""`Sp0gdhK"""
905,Jaouen,Waneta,1904-12-22,fK5$~EOW
906,Bolwell,Justinian,1929-05-09,wC4`f8CoF<4A}
907,Tarbin,Goldia,1912-12-30,"gD8\BO*,h}"
908,Andryushchenko,Pen,2002-10-15,gT9|9+NH(0n
909,Lesaunier,Melisent,1939-09-09,"uW6+""WF~E#r"
910,Witheford,Greer,1983-11-07,jD7}+eQ_b
911,Baise,Tessy,1926-11-11,sW9)=1YR0M
912,Gravenall,Sheilah,1935-05-23,aB3{<q=9&RL
913,Cowx,Binny,2010-07-27,aJ9_%fJ>3+WbfBO5
914,Ladewig,Hatti,1990-05-22,bE8(Tmg}KlIV||)r
915,Corradini,Laurel,1935-03-29,pV5*%!q\f_
916,Pettiford,Joseito,2000-04-02,rI3)Wqy(P0N
917,Kubecka,Jacky,1915-12-28,wI8}B6C&7A>bltj>
918,Fenn,Fan,2004-10-10,xR7\af<89fq
919,Matousek,Kean,1972-05-07,zV1<+={y
920,Kerbey,Anastasia,1986-07-07,zV3{d'$\>M<empgj
921,Rother,Natalya,1907-08-26,xC6_>DI`2
922,Walne,Lu,2010-04-26,"uS6!""*Q}nN"
923,Monery,Aurelea,1960-02-17,pW5/ya&nA\$2!av
924,Dalgety,Gail,1990-10-06,"sW4|j%""C"
925,Croser,Bertrando,1920-02-29,oO3.6|kp9MC*X{HB
926,Raoult,Milena,2008-07-17,zA6?vi>iQ\F?
927,Greensmith,Dominic,1987-10-17,fY8\PQ)5Z
928,Cobain,Pascale,2003-04-08,yZ7(>jS2'+RKQ
929,Francescoccio,Angel,1982-06-06,dI0<tJWdz6%_vwO
930,Addinall,Norbie,1915-02-22,yJ5_bb>>jY$b6yYu
931,Hayward,Grete,1953-12-23,kX1?GX|Agp5kA~u
932,Franklyn,Fanechka,2020-01-14,tJ6\AqC{$>}%
933,Dreakin,Tracie,2015-02-14,oN9<EnyZ!?uCC1
934,Arnall,Reynard,2000-03-29,lQ0&%_N*f+
935,Weich,Zola,1953-05-24,aE4(K8p!hdO(<{N
936,Van Geffen,Elfie,1957-02-10,"xQ5,QlzU"
937,Halgarth,Malinde,2008-03-21,wP3|\lZX+ff
938,Goreway,Dorella,1953-06-10,"zJ9,\2eC"
939,Grigoriscu,Edward,1954-01-01,"wF2*9$R,F%)b\~"
940,Breed,Franklyn,1979-08-16,uG1/+?9xfM
941,Benbrick,Dianne,2003-01-18,"wI4,wK~h"
942,Grove,Darlene,1992-10-15,vI5~ER\tx=9RLq7$
943,Raiston,Kellen,1985-03-27,eQ1\b'!iLy
944,Packe,Xylina,1963-08-02,uX8*@m|{A
945,Folli,Janetta,1982-07-23,zJ8=JYszf5&/Bt/i
946,Twist,Margalo,1908-11-13,"aX9\*82X2}'4""hVS"
947,Rockey,Catharine,1905-03-17,pI7|OCSpdN'Y
948,Seven,Meghann,1992-01-18,uN7~`PAb1
949,Vockins,Elke,1974-03-21,xY2%Y5}o/
950,Goodred,Katharine,1913-11-07,tT9}G_SM&O_N&E
951,Domange,Aguie,1943-04-30,"oE7,x6d\"
952,Brompton,Raven,2014-07-30,"pK6""""n<s"
953,Longfoot,Marcille,1987-04-10,mJ0{/)c3>k
954,Gennerich,Arte,1910-12-21,fA1<f`OrDg~O9yq$
955,Paff,Cherie,1971-05-11,xJ6/sVhYZWv
956,Prettjohn,Agnes,1984-01-06,nH0=n4w`p<
957,Cheetam,Grenville,2021-10-05,tO4\_AyzQVcjn
958,Dilloway,Hilliary,2008-03-26,kA5*UzSs'
959,Michie,Eleonore,1901-02-13,iG7~\GMWh
960,McNysche,Ilsa,1978-04-16,"uF8,zARVe+c"
961,Drohun,Melitta,1934-07-22,wH6{KxLL8_r{0LL
962,Underdown,Brier,1978-12-03,dD9*W(8/LSFSdl
963,Caseborne,Skipper,1937-04-08,bO2?``XV\
964,McNuff,Alyce,1916-11-30,"fM1),{q/b"
965,Haresign,Rebbecca,1974-12-29,"gO2%E,`gW"
966,Bartul,Theodor,1966-07-16,qP9*NQgzD
967,Bedome,Consuela,1928-06-01,qC5*3XuG2UWHfvW
968,Scalera,Ginny,1909-01-05,fO4}@oHs6g~1~
969,Makinson,Tomkin,1983-07-07,"tB6{Y""L\"
970,Grimsell,Lissy,2012-02-05,hT6@|ZQ#oXb9o@?
971,Imlaw,Emmalynn,1923-11-06,kU9?ltil7B)@a
972,Downton,Danila,1979-03-27,mQ6>PT|Z
973,Merrikin,Merry,1933-05-17,zW2$$CIAEM~1
974,Ortega,Aundrea,1905-05-16,uQ2+f~vLwx(!zw
975,Hullbrook,Yul,1908-10-07,gJ6\$|$X
976,Aldins,Winona,1909-09-13,vX8@J2W8@Cd4{MN5
977,Eaddy,Toma,1951-01-13,wR8'Dmm8kMR
978,Job,Hope,1933-07-08,hP2@!ruO03svV
979,Broadwell,Valentine,2004-11-07,yA5)yQPU(}ag8kL
980,Hodge,Daffie,2012-09-06,nG9\{GGRo$
981,Rizzardini,Donni,1943-05-16,rE9$DZm>'fWj7P
982,Stairmand,Salomon,1902-03-22,pP8&MCKgzmL{|Zn~
983,Maden,Benedicto,1935-08-15,"yX7%Dl""i"
984,Oakton,Meade,1990-05-31,nJ2&8I.&mgkSVO
985,Ubsdall,Valaria,1982-10-02,qN4*CeCKu?}
986,MacDuffie,Kristoforo,1963-06-10,oN0'*7p56g9H7>gx
987,Lochrie,Petr,1943-08-20,cX2/K/7h)'5du
988,Jeandeau,Avery,2004-08-16,iO7+~QLsn2LOL
989,Copas,Rora,1912-05-20,nQ2<te`g>
990,Colthurst,Rubia,1958-09-24,kZ8!Q'IzdXnk
991,Adlington,Brigg,1940-02-03,"nG2<&"".?z<a'u"
992,Malster,Griselda,1975-09-10,nJ4'jm9&2U/yuk
993,Yapp,Tyrone,1978-07-20,"pT9`Ih<""~/K"
994,Boick,Nolly,1959-03-12,bY0/v!dZ+
995,Baselio,Kimmie,1959-07-01,rG1!c7VosAh_G
996,Yekel,Karlie,1917-02-28,qD2\H9W.NS<OD
997,Levermore,Tully,1982-06-24,"lI1""CAPD&R_fkuq"""
998,de Grey,Hardy,1945-01-29,lQ2\/2D*{
999,Gyver,Sallie,1949-02-07,"tK4@h`""e'uIh+i"
1000,Satyford,Eal,1986-04-17,gS1|3cWQ!`*
